text,real,predicted,category
"""#tbt Throwback Thursday... blastin old school shit all day. Iron Maiden, The Big 4, and more! #metal #thrash #speed"" ",neutral,positive,REVISAR
how Bob Dylan hoodwinked an entire generation into thinking his voice was tolerable. ,negative,neutral,REVISAR
Alabama State Troopers investigated seven fatal traffic crashes that resulted in nine deaths during the Labor Day holiday from Fri. to Mon. ,negative,neutral,REVISAR
Bring the Whole Family for a Weekend of Sun\u002c Fun & Healthy Living at Florida ...: Taking place at Jungle Island\u002c... ,positive,neutral,REVISAR
@user @user looks like Grundstrom is winning the Cy Young. ,positive,neutral,REVISAR
@user welcome to my usual dreams! :S Used to it by now. Other night was Merlin & Arthur & a dragon that was actually from Harry Potter. ,neutral,positive,REVISAR
"@user I think you can no longer sync to your symbian device, as Nokia account have ceased to exist on the 24th of April IIRC ",neutral,negative,REVISAR
@user I hear Adam Lambert's gonna be on 10 On Top tomorrow morning!! Did you see him on the PLL Halloween episode? ,neutral,positive,REVISAR
"So Uriah Faber, not Frankie Edgar or Jose Aldo, will get the 1st crack at Conor mcgregor. Is it me or are they just building him up. ",neutral,negative,REVISAR
@user Claiming to be knowledgeable on this subject?  Spelling anti-Semitic right would be a good start. ,neutral,positive,REVISAR
"""Listened to """"No Vaseline"""" by Ice Cube for the 1st time in years today. It made me realize how wack the Drake vs Meek Mill """"beef"""" was."" ",neutral,positive,REVISAR
There's not enough hair to track all the death. #BlackLivesMatter Reminds of cool art @ Seattle AfAm Museum @user ,neutral,negative,REVISAR
As we head into this Wednesday I would like to tell you all - swag money Gucci fam (you're welcome) ,neutral,positive,REVISAR
@user JOHN STEWART VS JOHN CENA tomorrow night on raw! I demand it! ,positive,neutral,REVISAR
"Warming Relations in Person, Putin and Erdogan Revive Pipeline Deal ",neutral,negative,REVISAR
Working San Diego County Fair's main parking lot on 4th of July for the first time... Challenge Accepted... ,positive,neutral,REVISAR
"""Every game with Curtis as caretaker manager has a growing opportunity cost. Jenkins may be acting diligently, but it's not reflecting well."" ",neutral,negative,REVISAR
@user @user @user @user @user ummm vaccines have avoided over 700000 deaths since the nineties... ,positive,negative,REVISAR
#BREAKING: Philippines Vice President resigns from Duterte cabinet. She is against the war on drugs and re-introduc… ,neutral,negative,REVISAR
"""2nd Round: Guess the song  He treats you so bad and I'm so good to you, It's not fair!  First to 5 points gets the DM with Niall!!"" ",neutral,positive,REVISAR
